{
    "config": "/zhome/45/0/155089/adlcv_project/segmentation/configs/vpd_config.py",
    "metric": {
        "aAcc": 0.8521,
        "mIoU": 0.5361,
        "mAcc": 0.654,
        "IoU.wall": 0.8168000030517578,
        "IoU.building": 0.8419000244140625,
        "IoU.sky": 0.9475,
        "IoU.floor": 0.8338999938964844,
        "IoU.tree": 0.7597000122070312,
        "IoU.ceiling": 0.8705999755859375,
        "IoU.road": 0.8416999816894531,
        "IoU.bed ": 0.9208000183105469,
        "IoU.windowpane": 0.6636000061035157,
        "IoU.grass": 0.6716999816894531,
        "IoU.cabinet": 0.6483000183105468,
        "IoU.sidewalk": 0.685,
        "IoU.person": 0.8377999877929687,
        "IoU.earth": 0.397599983215332,
        "IoU.door": 0.5918999862670898,
        "IoU.table": 0.6979000091552734,
        "IoU.mountain": 0.6277000045776367,
        "IoU.plant": 0.5220999908447266,
        "IoU.curtain": 0.7731999969482422,
        "IoU.chair": 0.6404000091552734,
        "IoU.car": 0.8729000091552734,
        "IoU.water": 0.5586999893188477,
        "IoU.painting": 0.7819999694824219,
        "IoU.sofa": 0.792300033569336,
        "IoU.shelf": 0.4875,
        "IoU.house": 0.47299999237060547,
        "IoU.sea": 0.5563000106811523,
        "IoU.mirror": 0.7941000366210937,
        "IoU.rug": 0.6277000045776367,
        "IoU.field": 0.32540000915527345,
        "IoU.armchair": 0.5658000183105468,
        "IoU.seat": 0.6798000335693359,
        "IoU.fence": 0.3741999816894531,
        "IoU.desk": 0.577400016784668,
        "IoU.rock": 0.5636000061035156,
        "IoU.wardrobe": 0.5138000106811523,
        "IoU.lamp": 0.7023000335693359,
        "IoU.bathtub": 0.8411000061035157,
        "IoU.railing": 0.40310001373291016,
        "IoU.cushion": 0.6636000061035157,
        "IoU.base": 0.3325,
        "IoU.box": 0.30920000076293946,
        "IoU.column": 0.5695999908447266,
        "IoU.signboard": 0.3965999984741211,
        "IoU.chest of drawers": 0.4704000091552734,
        "IoU.counter": 0.36119998931884767,
        "IoU.sand": 0.48709999084472655,
        "IoU.sink": 0.7856999969482422,
        "IoU.skyscraper": 0.5661999893188476,
        "IoU.fireplace": 0.7269999694824218,
        "IoU.refrigerator": 0.7425,
        "IoU.grandstand": 0.49709999084472656,
        "IoU.path": 0.2868000030517578,
        "IoU.stairs": 0.31190000534057616,
        "IoU.runway": 0.6748000335693359,
        "IoU.case": 0.5233000183105468,
        "IoU.pool table": 0.9312000274658203,
        "IoU.pillow": 0.6555000305175781,
        "IoU.screen door": 0.7013999938964843,
        "IoU.stairway": 0.3156999969482422,
        "IoU.river": 0.20090000152587892,
        "IoU.bridge": 0.6079999923706054,
        "IoU.bookcase": 0.45549999237060546,
        "IoU.blind": 0.48509998321533204,
        "IoU.coffee table": 0.6526999664306641,
        "IoU.toilet": 0.8694000244140625,
        "IoU.flower": 0.3711000061035156,
        "IoU.book": 0.5015999984741211,
        "IoU.hill": 0.12229999542236328,
        "IoU.bench": 0.5834999847412109,
        "IoU.countertop": 0.6661000061035156,
        "IoU.stove": 0.85,
        "IoU.palm": 0.5131999969482421,
        "IoU.kitchen island": 0.43090000152587893,
        "IoU.computer": 0.7730000305175782,
        "IoU.swivel chair": 0.4420000076293945,
        "IoU.boat": 0.38880001068115233,
        "IoU.bar": 0.48889999389648436,
        "IoU.arcade machine": 0.5386000061035157,
        "IoU.hovel": 0.37240001678466794,
        "IoU.bus": 0.9276999664306641,
        "IoU.towel": 0.6987000274658203,
        "IoU.light": 0.5758000183105468,
        "IoU.truck": 0.4140999984741211,
        "IoU.tower": 0.3079999923706055,
        "IoU.chandelier": 0.6869999694824219,
        "IoU.awning": 0.34240001678466797,
        "IoU.streetlight": 0.3290000152587891,
        "IoU.booth": 0.41869998931884767,
        "IoU.television receiver": 0.6911000061035156,
        "IoU.airplane": 0.6111999893188477,
        "IoU.dirt track": 0.010700000524520874,
        "IoU.apparel": 0.35529998779296873,
        "IoU.pole": 0.2756999969482422,
        "IoU.land": 0.022400000095367432,
        "IoU.bannister": 0.17819999694824218,
        "IoU.escalator": 0.3808000183105469,
        "IoU.ottoman": 0.523499984741211,
        "IoU.bottle": 0.33740001678466797,
        "IoU.buffet": 0.48900001525878906,
        "IoU.poster": 0.3816999816894531,
        "IoU.stage": 0.2581999969482422,
        "IoU.van": 0.44310001373291014,
        "IoU.ship": 0.45119998931884764,
        "IoU.fountain": 0.29329999923706057,
        "IoU.conveyer belt": 0.836500015258789,
        "IoU.canopy": 0.28850000381469726,
        "IoU.washer": 0.6683999633789063,
        "IoU.plaything": 0.29389999389648436,
        "IoU.swimming pool": 0.6522000122070313,
        "IoU.stool": 0.519900016784668,
        "IoU.barrel": 0.4829999923706055,
        "IoU.basket": 0.3159000015258789,
        "IoU.waterfall": 0.4191999816894531,
        "IoU.tent": 0.9368000030517578,
        "IoU.bag": 0.16799999237060548,
        "IoU.minibike": 0.731500015258789,
        "IoU.cradle": 0.8622000122070312,
        "IoU.oven": 0.4325,
        "IoU.ball": 0.4818000030517578,
        "IoU.food": 0.5365999984741211,
        "IoU.step": 0.19969999313354492,
        "IoU.tank": 0.4606999969482422,
        "IoU.trade name": 0.2634000015258789,
        "IoU.microwave": 0.6523999786376953,
        "IoU.pot": 0.5011999893188477,
        "IoU.animal": 0.6855999755859375,
        "IoU.bicycle": 0.5766999816894531,
        "IoU.lake": 0.5768000030517578,
        "IoU.dishwasher": 0.7751000213623047,
        "IoU.screen": 0.6502999877929687,
        "IoU.blanket": 0.30620000839233397,
        "IoU.sculpture": 0.6670999908447266,
        "IoU.hood": 0.6091999816894531,
        "IoU.sconce": 0.545,
        "IoU.vase": 0.4488999938964844,
        "IoU.traffic light": 0.3938999938964844,
        "IoU.tray": 0.12920000076293944,
        "IoU.ashcan": 0.43959999084472656,
        "IoU.fan": 0.6816999816894531,
        "IoU.pier": 0.3818999862670898,
        "IoU.crt screen": 0.24069999694824218,
        "IoU.plate": 0.5938999938964844,
        "IoU.monitor": 0.6183000183105469,
        "IoU.bulletin board": 0.5545000076293946,
        "IoU.shower": 0.04230000019073486,
        "IoU.radiator": 0.6088000106811523,
        "IoU.glass": 0.17549999237060546,
        "IoU.clock": 0.23350000381469727,
        "IoU.flag": 0.6602999877929687,
        "Acc.wall": 0.9115000152587891,
        "Acc.building": 0.9194000244140625,
        "Acc.sky": 0.9743000030517578,
        "Acc.floor": 0.915199966430664,
        "Acc.tree": 0.8955000305175781,
        "Acc.ceiling": 0.9383999633789063,
        "Acc.road": 0.9065000152587891,
        "Acc.bed ": 0.9706999969482422,
        "Acc.windowpane": 0.8105999755859375,
        "Acc.grass": 0.8155000305175781,
        "Acc.cabinet": 0.7576999664306641,
        "Acc.sidewalk": 0.8380999755859375,
        "Acc.person": 0.938499984741211,
        "Acc.earth": 0.5191999816894531,
        "Acc.door": 0.7370999908447265,
        "Acc.table": 0.8301999664306641,
        "Acc.mountain": 0.7508999633789063,
        "Acc.plant": 0.6136999893188476,
        "Acc.curtain": 0.8844999694824218,
        "Acc.chair": 0.7715000152587891,
        "Acc.car": 0.9373999786376953,
        "Acc.water": 0.7098999786376953,
        "Acc.painting": 0.8888999938964843,
        "Acc.sofa": 0.8841999816894531,
        "Acc.shelf": 0.653499984741211,
        "Acc.house": 0.6901999664306641,
        "Acc.sea": 0.8345999908447266,
        "Acc.mirror": 0.8845999908447265,
        "Acc.rug": 0.7362999725341797,
        "Acc.field": 0.5493000030517579,
        "Acc.armchair": 0.7555999755859375,
        "Acc.seat": 0.8819000244140625,
        "Acc.fence": 0.49470001220703125,
        "Acc.desk": 0.8083999633789063,
        "Acc.rock": 0.79,
        "Acc.wardrobe": 0.6631999969482422,
        "Acc.lamp": 0.7962999725341797,