{
    "config": "segmentation/configs/vpd_config.py",
    "metric": {
        "aAcc": 0.8429000000000001,
        "mIoU": 0.5093,
        "mAcc": 0.6285000000000001,
        "IoU.wall": 0.7994000244140625,
        "IoU.building": 0.8587000274658203,
        "IoU.sky": 0.936500015258789,
        "IoU.floor": 0.8218000030517578,
        "IoU.tree": 0.7381999969482422,
        "IoU.ceiling": 0.867699966430664,
        "IoU.road": 0.8620999908447265,
        "IoU.bed ": 0.9105999755859375,
        "IoU.windowpane": 0.6719000244140625,
        "IoU.grass": 0.7559999847412109,
        "IoU.cabinet": 0.5790999984741211,
        "IoU.sidewalk": 0.6908999633789062,
        "IoU.person": 0.811500015258789,
        "IoU.earth": 0.32599998474121095,
        "IoU.door": 0.5886000061035156,
        "IoU.table": 0.6519000244140625,
        "IoU.mountain": 0.33369998931884765,
        "IoU.plant": 0.5118000030517578,
        "IoU.curtain": 0.7179000091552734,
        "IoU.chair": 0.6429000091552735,
        "IoU.car": 0.8356999969482422,
        "IoU.water": 0.515099983215332,
        "IoU.painting": 0.77,
        "IoU.sofa": 0.7166999816894531,
        "IoU.shelf": 0.5118999862670899,
        "IoU.house": 0.41700000762939454,
        "IoU.sea": 0.7054000091552735,
        "IoU.mirror": 0.8248999786376953,
        "IoU.rug": 0.6515000152587891,
        "IoU.field": 0.3584999847412109,
        "IoU.armchair": 0.5106999969482422,
        "IoU.seat": 0.5618999862670898,
        "IoU.fence": 0.26760000228881836,
        "IoU.desk": 0.46349998474121096,
        "IoU.rock": 0.47959999084472654,
        "IoU.wardrobe": 0.5420000076293945,
        "IoU.lamp": 0.6808000183105469,
        "IoU.bathtub": 0.9283999633789063,
        "IoU.railing": 0.44159999847412107,
        "IoU.cushion": 0.6079999923706054,
        "IoU.base": 0.3168000030517578,
        "IoU.box": 0.3206999969482422,
        "IoU.column": 0.5272999954223633,
        "IoU.signboard": 0.29940000534057615,
        "IoU.chest of drawers": 0.4925,
        "IoU.counter": 0.4506999969482422,
        "IoU.sand": 0.5634000015258789,
        "IoU.sink": 0.6730000305175782,
        "IoU.skyscraper": 0.4856999969482422,
        "IoU.fireplace": 0.6719000244140625,
        "IoU.refrigerator": 0.6268000030517578,
        "IoU.grandstand": 0.469900016784668,
        "IoU.path": 0.3616999816894531,
        "IoU.stairs": 0.34709999084472654,
        "IoU.runway": 0.9441000366210938,
        "IoU.case": 0.450099983215332,
        "IoU.pool table": 0.9302999877929687,
        "IoU.pillow": 0.557400016784668,
        "IoU.screen door": 0.8151999664306641,
        "IoU.stairway": 0.3406999969482422,
        "IoU.river": 0.2615999984741211,
        "IoU.bridge": 0.6969000244140625,
        "IoU.bookcase": 0.46,
        "IoU.blind": 0.5756000137329101,
        "IoU.coffee table": 0.609900016784668,
        "IoU.toilet": 0.8691000366210937,
        "IoU.flower": 0.5056000137329102,
        "IoU.book": 0.43040000915527343,
        "IoU.hill": 0.16780000686645508,
        "IoU.bench": 0.48009998321533204,
        "IoU.countertop": 0.5754000091552735,
        "IoU.stove": 0.8273000335693359,
        "IoU.palm": 0.5486000061035157,
        "IoU.kitchen island": 0.42380001068115236,
        "IoU.computer": 0.7045999908447266,
        "IoU.swivel chair": 0.6234000015258789,
        "IoU.boat": 0.19170000076293944,
        "IoU.bar": 0.4281999969482422,
        "IoU.arcade machine": 0.7780000305175782,
        "IoU.hovel": 0.003499999940395355,
        "IoU.bus": 0.7991000366210937,
        "IoU.towel": 0.6188999938964844,
        "IoU.light": 0.5479999923706055,
        "IoU.truck": 0.276299991607666,
        "IoU.tower": 0.37659999847412107,
        "IoU.chandelier": 0.7156999969482422,
        "IoU.awning": 0.20739999771118164,
        "IoU.streetlight": 0.2646999931335449,
        "IoU.booth": 0.2490999984741211,
        "IoU.television receiver": 0.6195000076293945,
        "IoU.airplane": 0.2811000061035156,
        "IoU.dirt track": 0.0509000015258789,
        "IoU.apparel": 0.3245000076293945,
        "IoU.pole": 0.367400016784668,
        "IoU.land": 0.027799999713897704,
        "IoU.bannister": 0.1713999938964844,
        "IoU.escalator": 0.3486000061035156,
        "IoU.ottoman": 0.5193000030517578,
        "IoU.bottle": 0.24489999771118165,
        "IoU.buffet": 0.3890999984741211,
        "IoU.poster": 0.4468000030517578,
        "IoU.stage": 0.2940999984741211,
        "IoU.van": 0.36380001068115236,
        "IoU.ship": 0.13640000343322753,
        "IoU.fountain": 0.3146999931335449,
        "IoU.conveyer belt": 0.9280999755859375,
        "IoU.canopy": 0.33610000610351565,
        "IoU.washer": 0.35700000762939454,
        "IoU.plaything": 0.25709999084472657,
        "IoU.swimming pool": 0.5659999847412109,
        "IoU.stool": 0.41220001220703123,
        "IoU.barrel": 0.05460000038146973,
        "IoU.basket": 0.3759000015258789,
        "IoU.waterfall": 0.9205000305175781,
        "IoU.tent": 0.0,
        "IoU.bag": 0.15270000457763672,
        "IoU.minibike": 0.7541999816894531,
        "IoU.cradle": 0.8569999694824219,
        "IoU.oven": 0.5711000061035156,
        "IoU.ball": 0.5029000091552734,
        "IoU.food": 0.4570999908447266,
        "IoU.step": 0.21709999084472656,
        "IoU.tank": 0.9077999877929688,
        "IoU.trade name": 0.2784000015258789,
        "IoU.microwave": 0.7454000091552735,
        "IoU.pot": 0.5629000091552734,
        "IoU.animal": 0.7558999633789063,
        "IoU.bicycle": 0.5997000122070313,
        "IoU.lake": 0.0,
        "IoU.dishwasher": 0.7779000091552735,
        "IoU.screen": 0.6609999847412109,
        "IoU.blanket": 0.3185000038146973,
        "IoU.sculpture": 0.7362999725341797,
        "IoU.hood": 0.382599983215332,
        "IoU.sconce": 0.44479999542236326,
        "IoU.vase": 0.3263999938964844,
        "IoU.traffic light": 0.32479999542236326,
        "IoU.tray": 0.15600000381469725,
        "IoU.ashcan": 0.344900016784668,
        "IoU.fan": 0.5956000137329102,
        "IoU.pier": 0.34099998474121096,
        "IoU.crt screen": 0.2879999923706055,
        "IoU.plate": 0.6091999816894531,
        "IoU.monitor": 0.6858000183105468,
        "IoU.bulletin board": 0.5913999938964843,
        "IoU.shower": 0.02940000057220459,
        "IoU.radiator": 0.5695999908447266,
        "IoU.glass": 0.13710000038146972,
        "IoU.clock": 0.4040999984741211,
        "IoU.flag": 0.4640999984741211,
        "Acc.wall": 0.9105999755859375,
        "Acc.building": 0.9352999877929687,
        "Acc.sky": 0.9701999664306641,
        "Acc.floor": 0.9080999755859375,
        "Acc.tree": 0.8776000213623046,
        "Acc.ceiling": 0.9463999938964843,
        "Acc.road": 0.9213999938964844,
        "Acc.bed ": 0.9705999755859375,
        "Acc.windowpane": 0.8345999908447266,
        "Acc.grass": 0.8793000030517578,
        "Acc.cabinet": 0.7197000122070313,
        "Acc.sidewalk": 0.8441999816894531,
        "Acc.person": 0.925,
        "Acc.earth": 0.5666999816894531,
        "Acc.door": 0.7493000030517578,
        "Acc.table": 0.8190000152587891,
        "Acc.mountain": 0.44470001220703126,
        "Acc.plant": 0.5884999847412109,
        "Acc.curtain": 0.8345999908447266,
        "Acc.chair": 0.7575,
        "Acc.car": 0.9086000061035157,
        "Acc.water": 0.8754000091552734,
        "Acc.painting": 0.8866999816894531,
        "Acc.sofa": 0.8288999938964844,
        "Acc.shelf": 0.6591000366210937,
        "Acc.house": 0.6670999908447266,
        "Acc.sea": 0.8698000335693359,
        "Acc.mirror": 0.919000015258789,
        "Acc.rug": 0.7763999938964844,
        "Acc.field": 0.5572999954223633,
        "Acc.armchair": 0.7433999633789062,
        "Acc.seat": 0.8512000274658204,
        "Acc.fence": 0.42080001831054686,
        "Acc.desk": 0.7211000061035157,
        "Acc.rock": 0.6240999984741211,
        "Acc.wardrobe": 0.7101999664306641,
        "Acc.lamp": 0.8043000030517579,