{
    "config": "segmentation/configs/vpd_config.py",
    "metric": {
        "aAcc": 0.8068000000000001,
        "mIoU": 0.4311,
        "mAcc": 0.5866,
        "IoU.wall": 0.7151999664306641,
        "IoU.building": 0.0,
        "IoU.sky": NaN,
        "IoU.floor": 0.8341999816894531,
        "IoU.tree": NaN,
        "IoU.ceiling": 0.9033000183105468,
        "IoU.road": NaN,
        "IoU.bed ": NaN,
        "IoU.windowpane": 0.537400016784668,
        "IoU.grass": NaN,
        "IoU.cabinet": 0.7686000061035156,
        "IoU.sidewalk": NaN,
        "IoU.person": 0.8208000183105468,
        "IoU.earth": NaN,
        "IoU.door": 0.3178000068664551,
        "IoU.table": 0.39240001678466796,
        "IoU.mountain": NaN,
        "IoU.plant": 0.3838999938964844,
        "IoU.curtain": 0.6773999786376953,
        "IoU.chair": 0.8137000274658203,
        "IoU.car": NaN,
        "IoU.water": NaN,
        "IoU.painting": 0.600999984741211,
        "IoU.sofa": 0.7288999938964844,
        "IoU.shelf": 0.5422999954223633,
        "IoU.house": NaN,
        "IoU.sea": NaN,
        "IoU.mirror": 0.0,
        "IoU.rug": 0.9358999633789062,
        "IoU.field": NaN,
        "IoU.armchair": 0.6544000244140625,
        "IoU.seat": NaN,
        "IoU.fence": NaN,
        "IoU.desk": NaN,
        "IoU.rock": NaN,
        "IoU.wardrobe": 0.0,
        "IoU.lamp": 0.24850000381469728,
        "IoU.bathtub": NaN,
        "IoU.railing": NaN,
        "IoU.cushion": 0.8433000183105469,
        "IoU.base": 0.0,
        "IoU.box": 0.43270000457763674,
        "IoU.column": 0.0,
        "IoU.signboard": 0.06960000038146973,
        "IoU.chest of drawers": 0.0,
        "IoU.counter": 0.14359999656677247,
        "IoU.sand": NaN,
        "IoU.sink": 0.9005999755859375,
        "IoU.skyscraper": NaN,
        "IoU.fireplace": NaN,
        "IoU.refrigerator": 0.6626999664306641,
        "IoU.grandstand": NaN,
        "IoU.path": NaN,
        "IoU.stairs": NaN,
        "IoU.runway": NaN,
        "IoU.case": 0.118100004196167,
        "IoU.pool table": NaN,
        "IoU.pillow": NaN,
        "IoU.screen door": NaN,
        "IoU.stairway": NaN,
        "IoU.river": NaN,
        "IoU.bridge": NaN,
        "IoU.bookcase": NaN,
        "IoU.blind": NaN,
        "IoU.coffee table": 0.0,
        "IoU.toilet": NaN,
        "IoU.flower": 0.33810001373291015,
        "IoU.book": 0.3111000061035156,
        "IoU.hill": NaN,
        "IoU.bench": NaN,
        "IoU.countertop": NaN,
        "IoU.stove": 0.947699966430664,
        "IoU.palm": NaN,
        "IoU.kitchen island": 0.3865999984741211,
        "IoU.computer": 0.0,
        "IoU.swivel chair": NaN,
        "IoU.boat": NaN,
        "IoU.bar": 0.0,
        "IoU.arcade machine": NaN,
        "IoU.hovel": NaN,
        "IoU.bus": NaN,
        "IoU.towel": NaN,
        "IoU.light": 0.7108000183105468,
        "IoU.truck": NaN,
        "IoU.tower": NaN,
        "IoU.chandelier": NaN,
        "IoU.awning": NaN,
        "IoU.streetlight": NaN,
        "IoU.booth": NaN,
        "IoU.television receiver": NaN,
        "IoU.airplane": NaN,
        "IoU.dirt track": NaN,
        "IoU.apparel": NaN,
        "IoU.pole": NaN,
        "IoU.land": NaN,
        "IoU.bannister": NaN,
        "IoU.escalator": NaN,
        "IoU.ottoman": 0.5370999908447266,
        "IoU.bottle": 0.2343000030517578,
        "IoU.buffet": NaN,
        "IoU.poster": 0.7184999847412109,
        "IoU.stage": NaN,
        "IoU.van": NaN,
        "IoU.ship": NaN,
        "IoU.fountain": NaN,
        "IoU.conveyer belt": NaN,
        "IoU.canopy": NaN,
        "IoU.washer": NaN,
        "IoU.plaything": NaN,
        "IoU.swimming pool": NaN,
        "IoU.stool": 0.7248999786376953,
        "IoU.barrel": NaN,
        "IoU.basket": 0.0,
        "IoU.waterfall": NaN,
        "IoU.tent": NaN,
        "IoU.bag": 0.49700000762939456,
        "IoU.minibike": NaN,
        "IoU.cradle": NaN,
        "IoU.oven": 0.6372000122070313,
        "IoU.ball": NaN,
        "IoU.food": 0.24629999160766602,
        "IoU.step": NaN,
        "IoU.tank": NaN,
        "IoU.trade name": 0.9658000183105468,
        "IoU.microwave": 0.7805999755859375,
        "IoU.pot": 0.0,
        "IoU.animal": NaN,
        "IoU.bicycle": NaN,
        "IoU.lake": NaN,
        "IoU.dishwasher": 0.7987999725341797,
        "IoU.screen": NaN,
        "IoU.blanket": 0.0,
        "IoU.sculpture": NaN,
        "IoU.hood": 0.5359000015258789,
        "IoU.sconce": 0.8,
        "IoU.vase": 0.5381999969482422,
        "IoU.traffic light": NaN,
        "IoU.tray": 0.06980000019073486,
        "IoU.ashcan": 0.7534999847412109,
        "IoU.fan": 0.0,
        "IoU.pier": NaN,
        "IoU.crt screen": 0.0,
        "IoU.plate": 0.6873999786376953,
        "IoU.monitor": NaN,
        "IoU.bulletin board": 0.835999984741211,
        "IoU.shower": NaN,
        "IoU.radiator": 0.0,
        "IoU.glass": 0.05920000076293945,
        "IoU.clock": 0.0,
        "IoU.flag": NaN,
        "Acc.wall": 0.8044000244140626,
        "Acc.building": NaN,
        "Acc.sky": NaN,
        "Acc.floor": 0.9413999938964843,
        "Acc.tree": NaN,
        "Acc.ceiling": 0.9470999908447265,
        "Acc.road": NaN,
        "Acc.bed ": NaN,
        "Acc.windowpane": 0.7280000305175781,
        "Acc.grass": NaN,
        "Acc.cabinet": 0.9462000274658203,
        "Acc.sidewalk": NaN,
        "Acc.person": 0.9490000152587891,
        "Acc.earth": NaN,
        "Acc.door": 0.5552999877929687,
        "Acc.table": 0.5579000091552735,
        "Acc.mountain": NaN,
        "Acc.plant": 0.42459999084472655,
        "Acc.curtain": 0.6794000244140626,
        "Acc.chair": 0.9241999816894532,
        "Acc.car": NaN,
        "Acc.water": NaN,
        "Acc.painting": 0.8073999786376953,
        "Acc.sofa": 0.8469999694824218,
        "Acc.shelf": 0.6419999694824219,
        "Acc.house": NaN,
        "Acc.sea": NaN,
        "Acc.mirror": 0.0,
        "Acc.rug": 0.9681999969482422,
        "Acc.field": NaN,
        "Acc.armchair": 0.6693000030517579,
        "Acc.seat": NaN,
        "Acc.fence": NaN,
        "Acc.desk": NaN,
        "Acc.rock": NaN,
        "Acc.wardrobe": 0.0,
        "Acc.lamp": 0.3554000091552734,
        "Acc.bathtub": NaN,
        "Acc.railing": NaN,
        "Acc.cushion": 0.9525,
        "Acc.base": NaN,
        "Acc.box": 0.5309000015258789,
        "Acc.column": 0.0,
        "Acc.signboard": 0.0696999979019165,
        "Acc.chest of drawers": 0.0,
        "Acc.counter": 0.15039999961853026,
        "Acc.sand": NaN,
        "Acc.sink": 0.9309999847412109,
        "Acc.skyscraper": NaN,
        "Acc.fireplace": NaN,
        "Acc.refrigerator": 0.6827999877929688,
        "Acc.grandstand": NaN,
        "Acc.path": NaN,
        "Acc.stairs": NaN,
        "Acc.runway": NaN,
        "Acc.case": 0.971500015258789,
        "Acc.pool table": NaN,
        "Acc.pillow": NaN,
        "Acc.screen door": NaN,
        "Acc.stairway": NaN,
        "Acc.river": NaN,
        "Acc.bridge": NaN,
        "Acc.bookcase": NaN,
        "Acc.blind": NaN,
        "Acc.coffee table": NaN,
        "Acc.toilet": NaN,
        "Acc.flower": 0.4779999923706055,
        "Acc.book": 0.5466999816894531,
        "Acc.hill": NaN,
        "Acc.bench": NaN,
        "Acc.countertop": NaN,
        "Acc.stove": 0.9637999725341797,
        "Acc.palm": NaN,
        "Acc.kitchen island": 0.7308999633789063,
        "Acc.computer": NaN,
        "Acc.swivel chair": NaN,
        "Acc.boat": NaN,
        "Acc.bar": NaN,
        "Acc.arcade machine": NaN,
        "Acc.hovel": NaN,
        "Acc.bus": NaN,
        "Acc.towel": NaN,
        "Acc.light": 0.7808000183105469,
        "Acc.truck": NaN,
        "Acc.tower": NaN,
        "Acc.chandelier": NaN,
        "Acc.awning": NaN,
        "Acc.streetlight": NaN,
        "Acc.booth": NaN,
        "Acc.television receiver": NaN,
        "Acc.airplane": NaN,
        "Acc.dirt track": NaN,
        "Acc.apparel": NaN,
        "Acc.pole": NaN,