{
    "config": "segmentation/configs/vpd_config.py",
    "metric": {
        "aAcc": 0.8468000000000001,
        "mIoU": 0.5309,
        "mAcc": 0.6472,
        "IoU.wall": 0.8091000366210938,
        "IoU.building": 0.8269999694824218,
        "IoU.sky": 0.9468000030517578,
        "IoU.floor": 0.8331999969482422,
        "IoU.tree": 0.7480999755859375,
        "IoU.ceiling": 0.865999984741211,
        "IoU.road": 0.8529000091552734,
        "IoU.bed ": 0.9080000305175782,
        "IoU.windowpane": 0.6515000152587891,
        "IoU.grass": 0.6876000213623047,
        "IoU.cabinet": 0.6448999786376953,
        "IoU.sidewalk": 0.6745999908447265,
        "IoU.person": 0.8183000183105469,
        "IoU.earth": 0.3856999969482422,
        "IoU.door": 0.5940999984741211,
        "IoU.table": 0.6608000183105469,
        "IoU.mountain": 0.5766999816894531,
        "IoU.plant": 0.5215000152587891,
        "IoU.curtain": 0.7477999877929687,
        "IoU.chair": 0.6356000137329102,
        "IoU.car": 0.8537000274658203,
        "IoU.water": 0.5972999954223632,
        "IoU.painting": 0.7809999847412109,
        "IoU.sofa": 0.754000015258789,
        "IoU.shelf": 0.4856000137329102,
        "IoU.house": 0.395,
        "IoU.sea": 0.6034999847412109,
        "IoU.mirror": 0.7865000152587891,
        "IoU.rug": 0.6518000030517578,
        "IoU.field": 0.3333000183105469,
        "IoU.armchair": 0.5313000106811523,
        "IoU.seat": 0.655199966430664,
        "IoU.fence": 0.33619998931884765,
        "IoU.desk": 0.4979999923706055,
        "IoU.rock": 0.48709999084472655,
        "IoU.wardrobe": 0.5238999938964843,
        "IoU.lamp": 0.6977999877929687,
        "IoU.bathtub": 0.8262999725341796,
        "IoU.railing": 0.3893000030517578,
        "IoU.cushion": 0.6544000244140625,
        "IoU.base": 0.3009000015258789,
        "IoU.box": 0.3118000030517578,
        "IoU.column": 0.5363999938964844,
        "IoU.signboard": 0.38040000915527344,
        "IoU.chest of drawers": 0.4693000030517578,
        "IoU.counter": 0.4,
        "IoU.sand": 0.45380001068115233,
        "IoU.sink": 0.7831999969482422,
        "IoU.skyscraper": 0.6863999938964844,
        "IoU.fireplace": 0.7180999755859375,
        "IoU.refrigerator": 0.6991999816894531,
        "IoU.grandstand": 0.5054000091552734,
        "IoU.path": 0.2734000015258789,
        "IoU.stairs": 0.32610000610351564,
        "IoU.runway": 0.6744000244140625,
        "IoU.case": 0.5577999877929688,
        "IoU.pool table": 0.9340000152587891,
        "IoU.pillow": 0.6156000137329102,
        "IoU.screen door": 0.7326000213623047,
        "IoU.stairway": 0.3325,
        "IoU.river": 0.19360000610351563,
        "IoU.bridge": 0.6729000091552735,
        "IoU.bookcase": 0.45990001678466796,
        "IoU.blind": 0.432400016784668,
        "IoU.coffee table": 0.6266999816894532,
        "IoU.toilet": 0.8601000213623047,
        "IoU.flower": 0.37090000152587893,
        "IoU.book": 0.47459999084472654,
        "IoU.hill": 0.13850000381469726,
        "IoU.bench": 0.6143000030517578,
        "IoU.countertop": 0.6111999893188477,
        "IoU.stove": 0.8169000244140625,
        "IoU.palm": 0.49959999084472656,
        "IoU.kitchen island": 0.47880001068115235,
        "IoU.computer": 0.7723999786376953,
        "IoU.swivel chair": 0.45599998474121095,
        "IoU.boat": 0.4006999969482422,
        "IoU.bar": 0.4452000045776367,
        "IoU.arcade machine": 0.8837000274658203,
        "IoU.hovel": 0.18079999923706055,
        "IoU.bus": 0.9177999877929688,
        "IoU.towel": 0.7005000305175781,
        "IoU.light": 0.5808000183105468,
        "IoU.truck": 0.4197999954223633,
        "IoU.tower": 0.2740999984741211,
        "IoU.chandelier": 0.680199966430664,
        "IoU.awning": 0.2997999954223633,
        "IoU.streetlight": 0.27760000228881837,
        "IoU.booth": 0.38709999084472657,
        "IoU.television receiver": 0.6894000244140625,
        "IoU.airplane": 0.6074000167846679,
        "IoU.dirt track": 0.028199999332427977,
        "IoU.apparel": 0.33240001678466796,
        "IoU.pole": 0.30840000152587893,
        "IoU.land": 0.02190000057220459,
        "IoU.bannister": 0.15369999885559082,
        "IoU.escalator": 0.3654999923706055,
        "IoU.ottoman": 0.46450000762939453,
        "IoU.bottle": 0.28739999771118163,
        "IoU.buffet": 0.4761000061035156,
        "IoU.poster": 0.44229999542236326,
        "IoU.stage": 0.24079999923706055,
        "IoU.van": 0.40689998626708984,
        "IoU.ship": 0.5104000091552734,
        "IoU.fountain": 0.3129999923706055,
        "IoU.conveyer belt": 0.8636000061035156,
        "IoU.canopy": 0.31909999847412107,
        "IoU.washer": 0.6552999877929687,
        "IoU.plaything": 0.2527000045776367,
        "IoU.swimming pool": 0.6738999938964844,
        "IoU.stool": 0.49639999389648437,
        "IoU.barrel": 0.49080001831054687,
        "IoU.basket": 0.34709999084472654,
        "IoU.waterfall": 0.41209999084472654,
        "IoU.tent": 0.9097000122070312,
        "IoU.bag": 0.14659999847412108,
        "IoU.minibike": 0.7081999969482422,
        "IoU.cradle": 0.8841000366210937,
        "IoU.oven": 0.5268000030517578,
        "IoU.ball": 0.48619998931884767,
        "IoU.food": 0.3736999893188477,
        "IoU.step": 0.20420000076293945,
        "IoU.tank": 0.5206999969482422,
        "IoU.trade name": 0.26290000915527345,
        "IoU.microwave": 0.7063999938964843,
        "IoU.pot": 0.5154999923706055,
        "IoU.animal": 0.7148999786376953,
        "IoU.bicycle": 0.555099983215332,
        "IoU.lake": 0.6027999877929687,
        "IoU.dishwasher": 0.7369000244140625,
        "IoU.screen": 0.6245000076293945,
        "IoU.blanket": 0.30170000076293946,
        "IoU.sculpture": 0.6002000045776367,
        "IoU.hood": 0.5833000183105469,
        "IoU.sconce": 0.5261000061035156,
        "IoU.vase": 0.397599983215332,
        "IoU.traffic light": 0.3745000076293945,
        "IoU.tray": 0.12680000305175781,
        "IoU.ashcan": 0.3788999938964844,
        "IoU.fan": 0.5934999847412109,
        "IoU.pier": 0.46740001678466797,
        "IoU.crt screen": 0.2801000022888184,
        "IoU.plate": 0.574900016784668,
        "IoU.monitor": 0.5570000076293945,
        "IoU.bulletin board": 0.5638999938964844,
        "IoU.shower": 0.019800000190734864,
        "IoU.radiator": 0.6256000137329102,
        "IoU.glass": 0.13579999923706054,
        "IoU.clock": 0.39299999237060546,
        "IoU.flag": 0.6408000183105469,
        "Acc.wall": 0.9072000122070313,
        "Acc.building": 0.9131999969482422,
        "Acc.sky": 0.9744000244140625,
        "Acc.floor": 0.9145999908447265,
        "Acc.tree": 0.8862999725341797,
        "Acc.ceiling": 0.9330000305175781,
        "Acc.road": 0.9087999725341797,
        "Acc.bed ": 0.9622000122070312,
        "Acc.windowpane": 0.8095999908447266,
        "Acc.grass": 0.8169000244140625,
        "Acc.cabinet": 0.7683999633789063,
        "Acc.sidewalk": 0.8208000183105468,
        "Acc.person": 0.9283000183105469,
        "Acc.earth": 0.5202000045776367,
        "Acc.door": 0.7302999877929688,
        "Acc.table": 0.8133000183105469,
        "Acc.mountain": 0.7248999786376953,
        "Acc.plant": 0.6102999877929688,
        "Acc.curtain": 0.8594000244140625,
        "Acc.chair": 0.7648999786376953,
        "Acc.car": 0.92,
        "Acc.water": 0.7608999633789062,
        "Acc.painting": 0.8837999725341796,
        "Acc.sofa": 0.8436000061035156,
        "Acc.shelf": 0.6597000122070312,
        "Acc.house": 0.6463999938964844,
        "Acc.sea": 0.8394999694824219,
        "Acc.mirror": 0.892300033569336,
        "Acc.rug": 0.7558000183105469,
        "Acc.field": 0.562400016784668,
        "Acc.armchair": 0.7366000366210937,
        "Acc.seat": 0.879000015258789,
        "Acc.fence": 0.4556999969482422,
        "Acc.desk": 0.7298999786376953,
        "Acc.rock": 0.6923999786376953,
        "Acc.wardrobe": 0.6681999969482422,